url,page_title,post_type,slug,has_results_table
https://trailseries.bg/,RunBG Trail Series – Trail Series website,front-page,,no
https://trailseries.bg/%D0%B4%D0%BE%D0%B1%D1%80%D0%BE%D0%B2%D0%BE%D0%BB%D1%87%D0%B5%D1%81%D1%82%D0%B2%D0%BE/,Доброволчество – RunBG Trail Series,page,доброволчество,no
https://trailseries.bg/%D0%B7%D0%B0-trail-series/calendar/,Календар – RunBG Trail Series,page,calendar,no
https://trailseries.bg/%D0%BA%D0%BB%D0%B0%D1%81%D0%B8%D1%80%D0%B0%D0%BD%D0%B5/%D0%B3%D0%B5%D0%BD%D0%B5%D1%80%D0%B0%D0%BB%D0%BD%D0%BE-%D0%BA%D0%BB%D0%B0%D1%81%D0%B8%D1%80%D0%B0%D0%BD%D0%B5/,Генерално класиране – RunBG Trail Series,page,генерално-класиране,yes
https://trailseries.bg/%D1%81%D0%B5%D0%B7%D0%BE%D0%BD-1-%D1%80%D0%B5%D0%B7%D1%83%D0%BB%D1%82%D0%B0%D1%82%D0%B8/,Сезон 1 – резултати – RunBG Trail Series,page,сезон-1-резултати,no
https://trailseries.bg/%D1%81%D0%B5%D0%B7%D0%BE%D0%BD-2-%D1%80%D0%B5%D0%B7%D1%83%D0%BB%D1%82%D0%B0%D1%82%D0%B8/,Сезон 2 – резултати – RunBG Trail Series,page,сезон-2-резултати,no
https://trailseries.bg/%D1%81%D0%B5%D0%B7%D0%BE%D0%BD-3-%D1%80%D0%B5%D0%B7%D1%83%D0%BB%D1%82%D0%B0%D1%82%D0%B8/,Сезон 3 – резултати – RunBG Trail Series,page,сезон-3-резултати,no
https://trailseries.bg/%D1%81%D0%B5%D0%B7%D0%BE%D0%BD-4-%D1%80%D0%B5%D0%B7%D1%83%D0%BB%D1%82%D0%B0%D1%82%D0%B8/,Сезон 4 – резултати – RunBG Trail Series,page,сезон-4-резултати,no
https://trailseries.bg/%D1%81%D0%B5%D0%B7%D0%BE%D0%BD-5-%D1%80%D0%B5%D0%B7%D1%83%D0%BB%D1%82%D0%B0%D1%82%D0%B8/,СЕЗОН 5 – РЕЗУЛТАТИ – RunBG Trail Series,page,сезон-5-резултати,yes
https://trailseries.bg/%D1%81%D0%B5%D0%B7%D0%BE%D0%BD-6-%D1%80%D0%B5%D0%B7%D1%83%D0%BB%D1%82%D0%B0%D1%82%D0%B8/,Сезон 6 – Резултати – RunBG Trail Series,page,сезон-6-резултати,no
https://trailseries.bg/%d0%b2%d1%82%d0%be%d1%80%d0%b8-%d1%81%d0%b5%d0%b7%d0%be%d0%bd-20132014/,Втори сезон 2013/2014 – RunBG Trail Series,page,втори-сезон-20132014,no
https://trailseries.bg/%d0%b3%d0%b5%d0%bd%d0%b5%d1%80%d0%b0%d0%bb%d0%bd%d0%be-%d0%ba%d0%bb%d0%b0%d1%81%d0%b8%d1%80%d0%b0%d0%bd%d0%b5-%d1%81%d0%b5%d0%b7%d0%be%d0%bd-8/,Генерално класиране – СЕЗОН 8 – RunBG Trail Series,page,генерално-класиране-сезон-8,yes
https://trailseries.bg/%d0%b3%d0%b5%d0%bd%d0%b5%d1%80%d0%b0%d0%bb%d0%bd%d0%be-%d0%ba%d0%bb%d0%b0%d1%81%d0%b8%d1%80%d0%b0%d0%bd%d0%b522/,Генерално класиране за сезон 2022 – RunBG Trail Series,post,генерално-класиране22,yes
https://trailseries.bg/%d0%b4%d0%b0%d1%82%d0%b0%d1%82%d0%b0-%d0%b7%d0%b0-%d0%bf%d0%be%d0%bb%d1%83%d0%bc%d0%b0%d1%80%d0%b0%d1%82%d0%be%d0%bd-%d0%bf%d0%b0%d0%bb%d0%b0%d0%ba%d0%b0%d1%80%d0%b8%d1%8f-%d1%81%d0%b5-%d0%bc%d0%b5/,Датата за Полумаратон Палакария се мести на 18 май (събота) – RunBG Trail Series,post,датата-за-полумаратон-палакария-се-ме,no
https://trailseries.bg/%d0%b4%d0%bd%d0%b5%d1%81-%d0%b7%d0%b0%d1%82%d0%b2%d0%b0%d1%80%d1%8f-%d1%80%d0%b5%d0%b3%d0%b8%d1%81%d1%82%d1%80%d0%b0%d1%86%d0%b8%d1%8f%d1%82%d0%b0-%d0%b7%d0%b0-%d0%ba%d0%be%d0%bb%d0%b5%d0%b4%d0%bd/,Днес затваря регистрацията за Коледното бягане. 190 са регистрираните до момента. – RunBG Trail Series,post,днес-затваря-регистрацията-за-коледн,yes
https://trailseries.bg/%d0%b4%d0%be%d0%b1%d1%80%d0%b8-%d0%bd%d0%be%d0%b2%d0%b8%d0%bd%d0%b8-%d0%bf%d1%80%d0%be%d0%b1%d0%bb%d0%b5%d0%bc%d1%8a%d1%82-%d1%81-%d1%80%d0%b5%d0%b3%d0%b8%d1%81%d1%82%d1%80%d0%b0%d1%86%d0%b8%d0%b8/,Добри новини: Проблемът с регистрациите Drace.bg е разрешен! – RunBG Trail Series,post,добри-новини-проблемът-с-регистрации,no
https://trailseries.bg/%d0%b4%d0%be%d0%b1%d1%80%d0%be%d0%b2%d0%be%d0%bb%d1%87%d0%b5%d1%81%d1%82%d0%b2%d0%be/,Доброволчество – RunBG Trail Series,page,доброволчество,no
https://trailseries.bg/%d0%b7%d0%b0-trail-series/,За Trail Series – RunBG Trail Series,page,за-trail-series,no
https://trailseries.bg/%d0%b7%d0%b0-trail-series/%d0%ba%d0%be%d0%bd%d1%82%d0%b0%d0%ba%d1%82%d0%b8/,Контакти – RunBG Trail Series,page,контакти,no
https://trailseries.bg/%d0%b7%d0%b0-trail-series/feedback/,Обратна връзка – RunBG Trail Series,page,feedback,no
https://trailseries.bg/%d0%b7%d0%b0-trail-series/rules/,Правила – RunBG Trail Series,page,rules,no
https://trailseries.bg/%d0%b7%d0%b0-trail-series/t-shirt-poruchka-no/,Вие не успяхте да поръчахте тениска – RunBG Trail Series,page,t-shirt-poruchka-no,no
https://trailseries.bg/%d0%b7%d0%b0-trail-series/t-shirt-poruchka-y/,Вие успешно поръчахте тениска – RunBG Trail Series,page,t-shirt-poruchka-y,no
https://trailseries.bg/%d0%ba%d0%b0%d0%ba-%d0%b4%d0%b0-%d1%81%d0%bb%d0%b5%d0%b4%d0%b8%d1%82%d0%b5-%d0%b2%d1%81%d0%b8%d1%87%d0%ba%d0%b8-%d0%bd%d0%be%d0%b2%d0%b8%d0%bd%d0%b8-%d0%be%d1%82-%d1%84%d0%b5%d0%b9%d1%81%d0%b1%d1%83/,Как да следите всички новини от фейсбук. – RunBG Trail Series,post,как-да-следите-всички-новини-от-фейсбу,no
https://trailseries.bg/%d0%ba%d0%b0%d0%bb%d0%b5%d0%bd%d0%b4%d0%b0%d1%80-2024/,Календар 2024 – RunBG Trail Series,post,календар-2024,no
https://trailseries.bg/%d0%ba%d0%bb%d0%b0%d1%81%d0%b8%d1%80%d0%b0%d0%bd%d0%b5-malak-sechko-run/,класиране Malak Sechko Run – RunBG Trail Series,page,класиране-malak-sechko-run,yes
https://trailseries.bg/%d0%bb%d0%b0%d0%b3%d0%b5%d1%80%d0%b0-%d0%bd%d0%b0-%d0%b1%d0%b5%d0%b3%d0%b0%d1%87%d0%b0-%d0%bf%d0%b8%d1%80%d0%b0%d1%82%d0%b8%d1%82%d0%b5/,Лагера на бегача – Пиратите – RunBG Trail Series,page,лагера-на-бегача-пиратите,no
https://trailseries.bg/%d0%be%d0%b1%d0%b1-vertical-run-2019-%d1%81%d0%bd%d0%b8%d0%bc%d0%ba%d0%b8/,ОББ Vertical Run 2019 – снимки – RunBG Trail Series,page,обб-vertical-run-2019-снимки,no
https://trailseries.bg/%d0%be%d0%b1%d0%b1-vertical-run-results/,ОББ Vertical Run – Results – RunBG Trail Series,page,обб-vertical-run-results,yes
https://trailseries.bg/%d0%bf%d0%be%d0%b1%d0%b5%d0%b4%d0%b8%d1%82%d0%b5%d0%bb%d0%b8-%d0%b7%d0%b0-%d1%81%d0%b5%d0%b7%d0%be%d0%bd-2022/,Победители за Сезон 2022 – RunBG Trail Series,post,победители-за-сезон-2022,yes
https://trailseries.bg/%d0%bf%d0%be%d0%b1%d0%b5%d0%b4%d0%b8%d1%82%d0%b5%d0%bb%d0%b8-%d0%b7%d0%b0-%d1%81%d0%b5%d0%b7%d0%be%d0%bd-2023/,Победители за сезон 2023 – RunBG Trail Series,post,победители-за-сезон-2023,yes
https://trailseries.bg/%d0%bf%d0%be%d0%b1%d0%b5%d0%b4%d0%b8%d1%82%d0%b5%d0%bb%d0%b8-%d0%b7%d0%b0-%d1%81%d0%b5%d0%b7%d0%be%d0%bd-2024/,Победители за сезон 2024 – RunBG Trail Series,post,победители-за-сезон-2024,yes
https://trailseries.bg/%d0%bf%d0%be%d0%bb%d1%83%d0%bc%d0%b0%d1%80%d0%b0%d1%82%d0%be%d0%bd-palakaria23-results/,Полумаратон Palakaria’23 – Results – RunBG Trail Series,page,полумаратон-palakaria23-results,yes
https://trailseries.bg/%d0%bf%d0%be%d0%bb%d1%83%d0%bc%d0%b0%d1%80%d0%b0%d1%82%d0%be%d0%bd-palakaria24-ranking/,Полумаратон Palakaria’24 – Класиране – RunBG Trail Series,page,полумаратон-palakaria24-ranking,yes
https://trailseries.bg/%d0%bf%d1%80%d0%b8%d0%b7%d1%8c%d0%be%d1%80%d0%b8%d1%82%d0%b5-%d0%be%d1%82-golyamsechkorun-19-01-2014/,Призьорите от #GolyamSechkoRun – 19.01.2014 – RunBG Trail Series,post,призьорите-от-golyamsechkorun-19-01-2014,no
https://trailseries.bg/%d0%bf%d1%80%d0%be%d0%b1%d0%bb%d0%b5%d0%bc-%d1%81-%d1%80%d0%b5%d0%b3%d0%b8%d1%81%d1%82%d1%80%d0%b0%d1%86%d0%b8%d0%b8%d1%82%d0%b5-%d0%b2-drace-bg/,Проблем с регистрациите в Drace.bg – RunBG Trail Series,post,проблем-с-регистрациите-в-drace-bg,no
https://trailseries.bg/%d0%bf%d1%80%d0%be%d0%bc%d0%b5%d0%bd%d0%b8-%d1%81%d0%b2%d1%8a%d1%80%d0%b7%d0%b0%d0%bd%d0%b8-%d1%81-covid-19/,Промени свързани с Covid-19 – RunBG Trail Series,post,промени-свързани-с-covid-19,no
https://trailseries.bg/%d0%bf%d1%80%d0%be%d0%bc%d1%8f%d0%bd%d0%b0-%d0%b2-%d1%82%d1%80%d0%b0%d1%81%d0%b5%d1%82%d0%be-%d0%bd%d0%b0-cactus-run-%d0%bd%d0%b0%d0%bb%d0%be%d0%b6%d0%b5%d0%bd%d0%b0-%d0%be%d1%82-%d1%81%d1%82%d0%be/,"Промяна в трасето на Cactus Run, наложена от Столична община – район Панчарево – RunBG Trail Series",post,промяна-в-трасето-на-cactus-run-наложена-от-сто,no
https://trailseries.bg/%d1%80%d0%b5%d0%b7%d1%83%d0%bb%d1%82%d0%b0%d1%82%d0%b8-%d0%be%d1%82-running-zone-challenge/,Резултати от Running Zone Challenge – RunBG Trail Series,post,резултати-от-running-zone-challenge,no
https://trailseries.bg/%d1%81%d0%b5%d0%b7%d0%be%d0%bd-1-%d1%80%d0%b5%d0%b7%d1%83%d0%bb%d1%82%d0%b0%d1%82%d0%b8/,Сезон 1 – резултати – RunBG Trail Series,page,сезон-1-резултати,no
https://trailseries.bg/%d1%81%d0%b5%d0%b7%d0%be%d0%bd-10-%d1%80%d0%b5%d0%b7%d1%83%d0%bb%d1%82%d0%b0%d1%82%d0%b8/,СЕЗОН 10 – Резултати – RunBG Trail Series,page,сезон-10-резултати,no
https://trailseries.bg/%d1%81%d0%b5%d0%b7%d0%be%d0%bd-10/,СЕЗОН 10 – RunBG Trail Series,page,сезон-10,no
https://trailseries.bg/%d1%81%d0%b5%d0%b7%d0%be%d0%bd-11-%d1%80%d0%b5%d0%b7%d1%83%d0%bb%d1%82%d0%b0%d1%82%d0%b8/,СЕЗОН 11 – РЕЗУЛТАТИ – RunBG Trail Series,page,сезон-11-резултати,yes
https://trailseries.bg/%d1%81%d0%b5%d0%b7%d0%be%d0%bd-11/,СЕЗОН 11 – RunBG Trail Series,page,сезон-11,no
https://trailseries.bg/%d1%81%d0%b5%d0%b7%d0%be%d0%bd-12-%d1%80%d0%b5%d0%b7%d1%83%d0%bb%d1%82%d0%b0%d1%82%d0%b8/,СЕЗОН 12 – РЕЗУЛТАТИ – RunBG Trail Series,page,сезон-12-резултати,no
https://trailseries.bg/%d1%81%d0%b5%d0%b7%d0%be%d0%bd-12/,СЕЗОН 12 – RunBG Trail Series,page,сезон-12,no
https://trailseries.bg/%d1%81%d0%b5%d0%b7%d0%be%d0%bd-13-%d0%ba%d0%bb%d0%b0%d1%81%d0%b8%d1%80%d0%b0%d0%bd%d0%b5/,СЕЗОН 13-КЛАСИРАНЕ – RunBG Trail Series,page,сезон-13-класиране,no
https://trailseries.bg/%d1%81%d0%b5%d0%b7%d0%be%d0%bd-13/,СЕЗОН 13 – RunBG Trail Series,page,сезон-13,no
https://trailseries.bg/%d1%81%d0%b5%d0%b7%d0%be%d0%bd-2-%d1%80%d0%b5%d0%b7%d1%83%d0%bb%d1%82%d0%b0%d1%82%d0%b8/,Сезон 2 – резултати – RunBG Trail Series,page,сезон-2-резултати,no
https://trailseries.bg/%d1%81%d0%b5%d0%b7%d0%be%d0%bd-3-%d1%80%d0%b5%d0%b7%d1%83%d0%bb%d1%82%d0%b0%d1%82%d0%b8/,Сезон 3 – резултати – RunBG Trail Series,page,сезон-3-резултати,no
https://trailseries.bg/%d1%81%d0%b5%d0%b7%d0%be%d0%bd-4-%d1%80%d0%b5%d0%b7%d1%83%d0%bb%d1%82%d0%b0%d1%82%d0%b8/,Сезон 4 – резултати – RunBG Trail Series,page,сезон-4-резултати,no
https://trailseries.bg/%d1%81%d0%b5%d0%b7%d0%be%d0%bd-4/,Сезон 4 – RunBG Trail Series,page,сезон-4,no
https://trailseries.bg/%d1%81%d0%b5%d0%b7%d0%be%d0%bd-5-%d1%80%d0%b5%d0%b7%d1%83%d0%bb%d1%82%d0%b0%d1%82%d0%b8/,СЕЗОН 5 – РЕЗУЛТАТИ – RunBG Trail Series,page,сезон-5-резултати,yes
https://trailseries.bg/%d1%81%d0%b5%d0%b7%d0%be%d0%bd-5/,Сезон 5 – RunBG Trail Series,page,сезон-5,no
https://trailseries.bg/%d1%81%d0%b5%d0%b7%d0%be%d0%bd-6-%d0%b3%d0%b5%d0%bd%d0%b5%d1%80%d0%b0%d0%bb%d0%bd%d0%be-%d0%ba%d0%bb%d0%b0%d1%81%d0%b8%d1%80%d0%b0%d0%bd%d0%b5/,Сезон 6 – Генерално класиране – RunBG Trail Series,page,сезон-6-генерално-класиране,yes
https://trailseries.bg/%d1%81%d0%b5%d0%b7%d0%be%d0%bd-6-%d1%80%d0%b5%d0%b7%d1%83%d0%bb%d1%82%d0%b0%d1%82%d0%b8/,Сезон 6 – Резултати – RunBG Trail Series,page,сезон-6-резултати,no
https://trailseries.bg/%d1%81%d0%b5%d0%b7%d0%be%d0%bd-6/,СЕЗОН 6 – RunBG Trail Series,page,сезон-6,no
https://trailseries.bg/%d1%81%d0%b5%d0%b7%d0%be%d0%bd-7-%d1%80%d0%b5%d0%b7%d1%83%d0%bb%d1%82%d0%b0%d1%82%d0%b8/,Сезон 7 – Резултати – RunBG Trail Series,page,сезон-7-резултати,no
https://trailseries.bg/%d1%81%d0%b5%d0%b7%d0%be%d0%bd-7/,Сезон 7 – RunBG Trail Series,page,сезон-7,no
https://trailseries.bg/%d1%81%d0%b5%d0%b7%d0%be%d0%bd-8-%d1%80%d0%b5%d0%b7%d1%83%d0%bb%d1%82%d0%b0%d1%82%d0%b8/,СЕЗОН 8 – Резултати – RunBG Trail Series,page,сезон-8-резултати,no
https://trailseries.bg/%d1%81%d0%b5%d0%b7%d0%be%d0%bd-8/,СЕЗОН 8 – RunBG Trail Series,page,сезон-8,no
https://trailseries.bg/%d1%81%d0%b5%d0%b7%d0%be%d0%bd-9-%d1%80%d0%b5%d0%b7%d1%83%d0%bb%d1%82%d0%b0%d1%82%d0%b8/,СЕЗОН 9 – Резултати – RunBG Trail Series,page,сезон-9-резултати,no
https://trailseries.bg/%d1%81%d0%b5%d0%b7%d0%be%d0%bd-9/,СЕЗОН 9 – RunBG Trail Series,page,сезон-9,no
https://trailseries.bg/%d1%81%d0%bf%d0%be%d0%bd%d1%81%d0%be%d1%80%d0%b8/,Спонсори – RunBG Trail Series,page,спонсори,no
https://trailseries.bg/%d1%82%d1%80%d0%b5%d1%82%d0%b8-%d1%81%d0%b5%d0%b7%d0%be%d0%bd-20142015/,Трети сезон 2014/2015 – RunBG Trail Series,page,трети-сезон-20142015,yes
https://trailseries.bg/100-%d1%80%d0%b5%d0%b3%d0%b8%d1%81%d1%82%d1%80%d0%b8%d1%80%d0%b0%d0%bd%d0%b8-%d0%b7%d0%b0-thechristmasrun/,100 регистрирани за TheChristmasRun – RunBG Trail Series,post,100-регистрирани-за-thechristmasrun,yes
https://trailseries.bg/117/,117 записани за Коледното бягане. Регистрацията затваря в петък. – RunBG Trail Series,post,117,yes
https://trailseries.bg/135-%d1%80%d0%b5%d0%b3%d0%b8%d1%81%d1%82%d1%80%d0%b8%d1%80%d0%b0%d0%bd%d0%b8-%d0%b7%d0%b0-thechristmasrun/,135 регистрирани за TheChristmasRun – RunBG Trail Series,post,135-регистрирани-за-thechristmasrun,yes
https://trailseries.bg/1539/,RunBG Trail Series,post,1539,yes
https://trailseries.bg/170-%d0%ba%d0%be%d0%bb%d0%b5%d0%b4%d0%bd%d0%b8-%d0%b1%d0%b5%d0%b3%d0%b0%d1%87%d0%b8/,170 коледни бегачи – RunBG Trail Series,post,170-коледни-бегачи,yes
https://trailseries.bg/2012-2/,2012 – RunBG Trail Series,page,2012-2,no
https://trailseries.bg/2143-2/,Logos – RunBG Trail Series,page,2143-2,no
https://trailseries.bg/41-%d1%80%d0%b5%d0%b3%d0%b8%d1%81%d1%82%d1%80%d0%b8%d1%80%d0%b0%d0%bd%d0%b8-%d0%b7%d0%b0-christmas-run/,41 регистрирани за The Christmas Run – RunBG Trail Series,post,41-регистрирани-за-christmas-run,yes
https://trailseries.bg/50-%d0%bd%d0%b0%d0%bc%d0%b0%d0%bb%d0%b5%d0%bd%d0%b8%d1%8f-%d0%b2-sls/,50% намаления в SLS – RunBG Trail Series,post,50-намаления-в-sls,no
https://trailseries.bg/7-hills-run-2017/,7 Hills Run 2017 – RunBG Trail Series,page,7-hills-run-2017,no
https://trailseries.bg/7-hills-run-2018/,7 Hills Run 2018 – RunBG Trail Series,page,7-hills-run-2018,no
https://trailseries.bg/7-hills-run-2024-ranking/,7 Hills Run 2024 – Ranking – RunBG Trail Series,page,7-hills-run-2024-ranking,yes
https://trailseries.bg/7-hills-run/,7 Hills Run – RunBG Trail Series,page,7-hills-run,no
https://trailseries.bg/7-hills-run15-ranking/,7 Hills Run – класиране – RunBG Trail Series,page,7-hills-run15-ranking,yes
https://trailseries.bg/7-hills-run15/,7 Hills Run’15 – RunBG Trail Series,page,7-hills-run15,no
https://trailseries.bg/7-hills-run16/,7 Hills Run’16 – RunBG Trail Series,page,7-hills-run16,no
https://trailseries.bg/7-hills-run19/,7 Hills Run’19 – RunBG Trail Series,page,7-hills-run19,no
https://trailseries.bg/7-hills-run21-results/,7 Hills Run’21 – Results – RunBG Trail Series,page,7-hills-run21-results,yes
https://trailseries.bg/7-hills-run21/,7 Hills Run’21 – RunBG Trail Series,page,7-hills-run21,no
https://trailseries.bg/7-hills-run22-results/,7 Hills Run’22 – Results – RunBG Trail Series,page,7-hills-run22-results,yes
https://trailseries.bg/7-hills-run22/,7 Hills Run’22 – RunBG Trail Series,page,7-hills-run22,no
https://trailseries.bg/7-hills-run23-results/,7 Hills Run’23 – Results – RunBG Trail Series,page,7-hills-run23-results,yes
https://trailseries.bg/7-hills-run23/,7 Hills Run’23 – RunBG Trail Series,page,7-hills-run23,no
https://trailseries.bg/7-hills-run24/,7 Hills Run’24 – RunBG Trail Series,page,7-hills-run24,no
https://trailseries.bg/7-hills-run25-results/,7 Hills Run’25 – Results – RunBG Trail Series,page,7-hills-run25-results,yes
https://trailseries.bg/7-hills-run25/,7 Hills Run’25 – RunBG Trail Series,page,7-hills-run25,no
https://trailseries.bg/7hills-run-2017-results/,7 Hills Run’17 – results – RunBG Trail Series,page,7hills-run-2017-results,yes
https://trailseries.bg/7hills-run18-ranking/,7 Hills Run’18-Ranking – RunBG Trail Series,page,7hills-run18-ranking,yes
https://trailseries.bg/7hills-run19-results/,7 Hills Run’19 – Results – RunBG Trail Series,page,7hills-run19-results,yes
https://trailseries.bg/7hillsrun16/,7 Hills Run’16 results – RunBG Trail Series,page,7hillsrun16,yes
https://trailseries.bg/81-%d1%80%d0%b5%d0%b3%d0%b8%d1%81%d1%82%d1%80%d0%b8%d1%80%d0%b0%d0%bd%d0%b8-%d0%b7%d0%b0-thechristmasrun-04-12/,81 регистрирани за TheChristmasRun – 04.12 – RunBG Trail Series,post,81-регистрирани-за-thechristmasrun-04-12,yes
https://trailseries.bg/90-%d1%80%d0%b5%d0%b3%d0%b8%d1%81%d1%82%d1%80%d0%b8%d1%80%d0%b0%d0%bd%d0%b8-%d0%b7%d0%b0-thechristmasrun/,90 регистрирани за TheChristmasRun – RunBG Trail Series,post,90-регистрирани-за-thechristmasrun,yes
https://trailseries.bg/all-seasons-rankings/,ALL Seasons – Rankings – RunBG Trail Series,page,all-seasons-rankings,no
https://trailseries.bg/baba-marta-run-2017-results/,Baba Marta Run’17 – results – RunBG Trail Series,page,baba-marta-run-2017-results,yes
https://trailseries.bg/baba-marta-run-2017/,Baba Marta Run 2017 – RunBG Trail Series,page,baba-marta-run-2017,no
https://trailseries.bg/baba-marta-run-2019/,Baba Marta Run’19 – RunBG Trail Series,page,baba-marta-run-2019,no
https://trailseries.bg/baba-marta-run-ranking/,Baba Marta Run – класиране – RunBG Trail Series,page,baba-marta-run-ranking,yes
https://trailseries.bg/baba-marta-run-ranking15/,Baba Marta Run – ranking’15 – RunBG Trail Series,page,baba-marta-run-ranking15,yes
https://trailseries.bg/baba-marta-run-results-2016/,Baba Marta Run’16 резултати – RunBG Trail Series,page,baba-marta-run-results-2016,yes
https://trailseries.bg/baba-marta-run/,Baba Marta Run – RunBG Trail Series,page,baba-marta-run,no
https://trailseries.bg/baba-marta-run14/,Baba Marta Run’14 – RunBG Trail Series,page,baba-marta-run14,no
https://trailseries.bg/baba-marta-run15/,Baba Marta Run’15 – RunBG Trail Series,page,baba-marta-run15,no
https://trailseries.bg/baba-marta-run16/,Baba Marta Run’16 – RunBG Trail Series,page,baba-marta-run16,no
https://trailseries.bg/baba-marta-run18-ranking/,Baba Marta Run’18 – ranking – RunBG Trail Series,page,baba-marta-run18-ranking,yes
https://trailseries.bg/baba-marta-run18/,Baba Marta Run 2018 – RunBG Trail Series,page,baba-marta-run18,no
https://trailseries.bg/baba-marta-run19-ranking/,Baba Marta Run’19 – Класиране – RunBG Trail Series,page,baba-marta-run19-ranking,yes
https://trailseries.bg/baba-marta-run20/,Baba Marta Run’20 – RunBG Trail Series,page,baba-marta-run20,no
https://trailseries.bg/baba-marta-run21-results/,Baba Marta Run’21 – Results – RunBG Trail Series,page,baba-marta-run21-results,yes
https://trailseries.bg/baba-marta-run21/,Baba Marta Run’21 – RunBG Trail Series,page,baba-marta-run21,no
https://trailseries.bg/baba-marta-run22-results/,Baba Marta Run’22 – Results – RunBG Trail Series,page,baba-marta-run22-results,yes
https://trailseries.bg/baba-marta-run22/,Baba Marta Run’22 – RunBG Trail Series,page,baba-marta-run22,no
https://trailseries.bg/baba-marta-run23-results/,Baba Marta Run’23 – Results – RunBG Trail Series,page,baba-marta-run23-results,yes
https://trailseries.bg/baba-marta-run23/,Baba Marta Run’23 – RunBG Trail Series,page,baba-marta-run23,no
https://trailseries.bg/baba-marta-run24-ranking/,Baba Marta Run’24 – Ranking – RunBG Trail Series,page,baba-marta-run24-ranking,yes
https://trailseries.bg/baba-marta-run24/,Baba Marta Run’24 – RunBG Trail Series,page,baba-marta-run24,no
https://trailseries.bg/baba-marta-run25-results/,Baba Marta Run’25 – Results – RunBG Trail Series,page,baba-marta-run25-results,yes
https://trailseries.bg/baba-marta-run25/,Baba Marta Run’25 – RunBG Trail Series,page,baba-marta-run25,no
https://trailseries.bg/baba-marta-run26-results/,Baba Marta Run’26 – Results – RunBG Trail Series,page,baba-marta-run26-results,yes
https://trailseries.bg/baba-marta-run26/,Baba Marta Run’26 – RunBG Trail Series,page,baba-marta-run26,no
https://trailseries.bg/bankya-summer-run-ranking/,Bankya Summer Run – RunBG Trail Series,page,bankya-summer-run-ranking,yes
https://trailseries.bg/bankya-summer-run/,Bankya Summer Run / Лятно Бягане Банкя – RunBG Trail Series,page,bankya-summer-run,no
https://trailseries.bg/birthday-run-2-0/,Birthday Run 2.0 – RunBG Trail Series,page,birthday-run-2-0,no
https://trailseries.bg/birthday-run-3-results/,Класиране Birthday Run 3.0 – RunBG Trail Series,page,birthday-run-3-results,yes
https://trailseries.bg/birthday-run-3/,Birthday Run 3.0 – RunBG Trail Series,page,birthday-run-3,no
https://trailseries.bg/birthday-run-4-ranking/,Birthday Run 4 – класиране – RunBG Trail Series,page,birthday-run-4-ranking,yes
https://trailseries.bg/birthday-run-4-years-trail-series/,Birthday Run – 4 Years – Trail Series – RunBG Trail Series,page,birthday-run-4-years-trail-series,no
https://trailseries.bg/birthday-run-results/,Birthday Run – класиране – RunBG Trail Series,page,birthday-run-results,yes
https://trailseries.bg/birthday-run-zheleznitsa/,Birthday Run Железница – RunBG Trail Series,page,birthday-run-zheleznitsa,no
https://trailseries.bg/birthday-run17-results/,Birthday Run’17 – Резултати – RunBG Trail Series,page,birthday-run17-results,yes
https://trailseries.bg/birthday-run17/,Birthday Run’17 – RunBG Trail Series,page,birthday-run17,no
https://trailseries.bg/birthday-run18-results/,Birthday Run’18 – Results – RunBG Trail Series,page,birthday-run18-results,yes
https://trailseries.bg/birthday-run18/,Birthday Run’18 – RunBG Trail Series,page,birthday-run18,no
https://trailseries.bg/birthday-run19-ranking/,Birthday Run’19 – Ranking – RunBG Trail Series,page,birthday-run19-ranking,yes
https://trailseries.bg/birthday-run19/,birthday-run-19 – RunBG Trail Series,page,birthday-run19,no
https://trailseries.bg/birthday-run2-results/,Birthday Run 2.0 резултати – RunBG Trail Series,page,birthday-run2-results,yes
https://trailseries.bg/birthday-run20-results/,Birthday Run’20 – Results – RunBG Trail Series,page,birthday-run20-results,yes
https://trailseries.bg/birthday-run20/,Birthday Run’20 – RunBG Trail Series,page,birthday-run20,no
https://trailseries.bg/birthday-run21-results/,Birthday Run’21 – Results – RunBG Trail Series,page,birthday-run21-results,yes
https://trailseries.bg/birthday-run21/,Birthday Run’21 – RunBG Trail Series,page,birthday-run21,no
https://trailseries.bg/birthday-run22-2-results/,Birthday Run’22 – Results – RunBG Trail Series,page,birthday-run22-2-results,yes
https://trailseries.bg/birthday-run22/,Birthday Run’22 – RunBG Trail Series,page,birthday-run22,no
https://trailseries.bg/birthday-run23-results/,Birthday Run’23 – Results – RunBG Trail Series,page,birthday-run23-results,yes
https://trailseries.bg/birthday-run23/,Birthday Run’23 – RunBG Trail Series,page,birthday-run23,no
https://trailseries.bg/birthday-run24-ranking/,Birthday Run’24 – Ranking – RunBG Trail Series,page,birthday-run24-ranking,yes
https://trailseries.bg/birthday-run24/,Birthday Run’24 – RunBG Trail Series,page,birthday-run24,no
https://trailseries.bg/boyana-x-trail/,Boyana X Trail – RunBG Trail Series,page,boyana-x-trail,no
https://trailseries.bg/boyana-x-trails-results/,Boyana X Trails – Results – RunBG Trail Series,page,boyana-x-trails-results,yes
https://trailseries.bg/boyana-x-trails21-results/,Boyana X Trails’21 – Results – RunBG Trail Series,page,boyana-x-trails21-results,yes
https://trailseries.bg/boyana-x-trails21/,Boyana X Trails’21 – RunBG Trail Series,page,boyana-x-trails21,no
https://trailseries.bg/buhovo-26-may/,Бухово 26 май – RunBG Trail Series,page,buhovo-26-may,yes
https://trailseries.bg/buhovo-half-marathon/,Buhovo Half Marathon – RunBG Trail Series,page,buhovo-half-marathon,no
https://trailseries.bg/buhovo-half-marathon25-results/,Buhovo Half Marathon’25 – Results – RunBG Trail Series,page,buhovo-half-marathon25-results,yes
https://trailseries.bg/buhovo-run-2-0/,Buhovo Run 2.0 – RunBG Trail Series,page,buhovo-run-2-0,no
https://trailseries.bg/buhovo-run-2/,Buhovo Run – RunBG Trail Series,page,buhovo-run-2,no
https://trailseries.bg/buhovo-run/,Buhovo Run – RunBG Trail Series,page,buhovo-run,no
https://trailseries.bg/buhovo-run14/,Buhovo Run’14 – RunBG Trail Series,page,buhovo-run14,no
https://trailseries.bg/buhovo-run15-ranking/,Buhovo Run’15 класиране – RunBG Trail Series,page,buhovo-run15-ranking,yes
https://trailseries.bg/buhovorun-ranking-2014/,BuhovoRun класиране – RunBG Trail Series,page,buhovorun-ranking-2014,yes
https://trailseries.bg/cactus-run-10-11-2013/,The Cactus Run 10.11.2013 – RunBG Trail Series,page,cactus-run-10-11-2013,yes
https://trailseries.bg/cactus-run-2016-ranking/,The Cactus Run’16 – Класиране – RunBG Trail Series,page,cactus-run-2016-ranking,yes
https://trailseries.bg/cactus-run18-ranking/,The Cactus Run’18 – Ranking – RunBG Trail Series,page,cactus-run18-ranking,yes
https://trailseries.bg/calendar/,Календар – RunBG Trail Series,page,calendar,no
https://trailseries.bg/category/%D0%BD%D0%BE%D0%B2%D0%B8%D0%BD%D0%B8/page/1/,Новини – RunBG Trail Series,category-archive,1,no
https://trailseries.bg/category/%D0%BD%D0%BE%D0%B2%D0%B8%D0%BD%D0%B8/page/2/,Новини – Page 2 – RunBG Trail Series,category-archive,2,no
https://trailseries.bg/category/%D0%BD%D0%BE%D0%B2%D0%B8%D0%BD%D0%B8/page/3/,Новини – Page 3 – RunBG Trail Series,category-archive,3,no
https://trailseries.bg/category/%d0%bd%d0%be%d0%b2%d0%b8%d0%bd%d0%b8/,Новини – RunBG Trail Series,category-archive,новини,no
https://trailseries.bg/category/covid-19/,Covid-19 – RunBG Trail Series,category-archive,covid-19,no
https://trailseries.bg/category/covid-19/page/1/,Covid-19 – RunBG Trail Series,category-archive,1,no
https://trailseries.bg/category/covid-19/page/2/,Covid-19 – Page 2 – RunBG Trail Series,category-archive,2,no
https://trailseries.bg/category/uncategorized/,Uncategorized – RunBG Trail Series,category-archive,uncategorized,no
https://trailseries.bg/category/zero-to-hero/,ZERO TO HERO – RunBG Trail Series,category-archive,zero-to-hero,no
https://trailseries.bg/event-directory/,Events – RunBG Trail Series,page,event-directory,no
https://trailseries.bg/event-location/%d1%81-%d1%8f%d1%80%d0%bb%d0%be%d0%b2%d0%be/,с.Ярлово – RunBG Trail Series,event_location-archive,с-ярлово,no
https://trailseries.bg/event-location/banderishka-polyana/,Бъндеришка поляна – RunBG Trail Series,event_location-archive,banderishka-polyana,no
https://trailseries.bg/event-location/bankya/,гр.Банкя – RunBG Trail Series,event_location-archive,bankya,no
https://trailseries.bg/event-location/boyansko-hanche/,Боянско ханче – RunBG Trail Series,event_location-archive,boyansko-hanche,no
https://trailseries.bg/event-location/buhovo/,Бухово – RunBG Trail Series,event_location-archive,buhovo,no
https://trailseries.bg/event-location/german/,с.Герман – RunBG Trail Series,event_location-archive,german,no
https://trailseries.bg/event-location/kokalyane/,ВЕЦ Кокаляне – RunBG Trail Series,event_location-archive,kokalyane,no
https://trailseries.bg/event-location/lokorsko/,Локорско – RunBG Trail Series,event_location-archive,lokorsko,no
https://trailseries.bg/event-location/path-of-health/,Пътека на здравето – RunBG Trail Series,event_location-archive,path-of-health,no
https://trailseries.bg/event-location/simeonovski-ezera/,Симеоновски езера – RunBG Trail Series,event_location-archive,simeonovski-ezera,no
https://trailseries.bg/event-location/zheleznitsa/,с.Железница – RunBG Trail Series,event_location-archive,zheleznitsa,no
https://trailseries.bg/event-location/zhelyava/,с.Желява – RunBG Trail Series,event_location-archive,zhelyava,no
https://trailseries.bg/event-organizer/trail-series/,Trail Series – RunBG Trail Series,event_organizer-archive,trail-series,no
https://trailseries.bg/event-organizer/tri-series/,Tri Series – RunBG Trail Series,event_organizer-archive,tri-series,no
https://trailseries.bg/event-type/trail/,Trail Series – RunBG Trail Series,event_type-archive,trail,no
https://trailseries.bg/event-type/tri-series/,Tri Series – RunBG Trail Series,event_type-archive,tri-series,no
https://trailseries.bg/events/%d0%bf%d0%be%d0%bb%d1%83%d0%bc%d0%b0%d1%80%d0%b0%d1%82%d0%be%d0%bd-%d0%bf%d0%b0%d0%bb%d0%b0%d0%ba%d0%b0%d1%80%d0%b8%d1%8f/,Полумаратон Палакария – RunBG Trail Series,ajde_events,полумаратон-палакария,no
https://trailseries.bg/events/7-hills-run/,7 Hills Run’26 – RunBG Trail Series,ajde_events,7-hills-run,no
https://trailseries.bg/events/baba-marta-run/,Baba Marta Run’26 – RunBG Trail Series,ajde_events,baba-marta-run,no
https://trailseries.bg/events/beglika-3/,Beglika 3 – RunBG Trail Series,ajde_events,beglika-3,no
https://trailseries.bg/events/birthday-run/,Birthday Run – RunBG Trail Series,ajde_events,birthday-run,no
https://trailseries.bg/events/boyana-x-trail/,Boyana X Trail – RunBG Trail Series,ajde_events,boyana-x-trail,no
https://trailseries.bg/events/buhovo-half-marathon/,Buhovo Half Marathon – RunBG Trail Series,ajde_events,buhovo-half-marathon,no
https://trailseries.bg/events/duathlon-buhovo/,Duathlon Buhovo – RunBG Trail Series,ajde_events,duathlon-buhovo,no
https://trailseries.bg/events/golyam-sechko-run/,Golyam Sechko Run’26 – RunBG Trail Series,ajde_events,golyam-sechko-run,no
https://trailseries.bg/events/lyulin-trail-run/,Lyulin Trail Run – RunBG Trail Series,ajde_events,lyulin-trail-run,no
https://trailseries.bg/events/malak-sechko-run-25/,Malak Sechko Run’26 – RunBG Trail Series,ajde_events,malak-sechko-run-25,no
https://trailseries.bg/events/malak-sechko-run/,Malak Sechko Run – RunBG Trail Series,ajde_events,malak-sechko-run,no
https://trailseries.bg/events/pancharevo-night-run/,Pancharevo Night Run – RunBG Trail Series,ajde_events,pancharevo-night-run,no
https://trailseries.bg/events/pirin-skyrun/,Pirin Skyrun – RunBG Trail Series,ajde_events,pirin-skyrun,no
https://trailseries.bg/events/pirin-vertical/,Pirin Vertical – RunBG Trail Series,ajde_events,pirin-vertical,no
https://trailseries.bg/events/plovdiv-hills/,Plovdiv Hills – RunBG Trail Series,ajde_events,plovdiv-hills,no
https://trailseries.bg/events/simeonovo-run/,Simeonovo Run – RunBG Trail Series,ajde_events,simeonovo-run,no
https://trailseries.bg/events/the-cactus-run25/,The Cactus Run’26 – RunBG Trail Series,ajde_events,the-cactus-run25,no
https://trailseries.bg/events/the-christmas-run/,The Christmas Run’26 – RunBG Trail Series,ajde_events,the-christmas-run,no
https://trailseries.bg/feedback/,feedback – RunBG Trail Series,page,feedback,no
https://trailseries.bg/golyam-sechko-run-17/,Golyam Sechko Run’17 – RunBG Trail Series,page,golyam-sechko-run-17,no
https://trailseries.bg/golyam-sechko-run-2016/,Golyam Sechko Run – RunBG Trail Series,page,golyam-sechko-run-2016,no
https://trailseries.bg/golyam-sechko-run-2019/,Golyam Sechko Run’19 – RunBG Trail Series,page,golyam-sechko-run-2019,no
https://trailseries.bg/golyam-sechko-run-2020-results/,Golyam Sechko Run 2020 – Results – RunBG Trail Series,page,golyam-sechko-run-2020-results,yes
https://trailseries.bg/golyam-sechko-run/,Golyam Sechko Run – RunBG Trail Series,page,golyam-sechko-run,no
https://trailseries.bg/golyam-sechko-run15/,Golyam Sechko Run’15 – RunBG Trail Series,page,golyam-sechko-run15,no
https://trailseries.bg/golyam-sechko-run16-%d0%ba%d0%bb%d0%b0%d1%81%d0%b8%d1%80%d0%b0%d0%bd%d0%b5/,Golyam Sechko Run’16 класиране – RunBG Trail Series,page,golyam-sechko-run16-класиране,yes
https://trailseries.bg/golyam-sechko-run17-ranking/,Golyam Sechko Run’17 – класиране – RunBG Trail Series,page,golyam-sechko-run17-ranking,yes
https://trailseries.bg/golyam-sechko-run18-ranking/,GOLYAM SECHKO RUN’18 – КЛАСИРАНЕ – RunBG Trail Series,page,golyam-sechko-run18-ranking,yes
https://trailseries.bg/golyam-sechko-run18/,Golyam Sechko Run 2018 – RunBG Trail Series,page,golyam-sechko-run18,no
https://trailseries.bg/golyam-sechko-run19-ranking/,Golyam Sechko Run’19 – Ranking – RunBG Trail Series,page,golyam-sechko-run19-ranking,yes
https://trailseries.bg/golyam-sechko-run20/,Golyam Sechko Run’20 – RunBG Trail Series,page,golyam-sechko-run20,no
https://trailseries.bg/golyam-sechko-run21-results/,Golyam Sechko Run’21 – Results – RunBG Trail Series,page,golyam-sechko-run21-results,yes
https://trailseries.bg/golyam-sechko-run21/,Golyam Sechko Run’21 – RunBG Trail Series,page,golyam-sechko-run21,no
https://trailseries.bg/golyam-sechko-run22-results/,Golyam Sechko Run’22 – Results – RunBG Trail Series,page,golyam-sechko-run22-results,yes
https://trailseries.bg/golyam-sechko-run22/,Golyam Sechko Run’22 – RunBG Trail Series,page,golyam-sechko-run22,no
https://trailseries.bg/golyam-sechko-run23-ranking/,Golyam Sechko Run’23 – Ranking – RunBG Trail Series,page,golyam-sechko-run23-ranking,yes
https://trailseries.bg/golyam-sechko-run23/,GOLYAM SECHKO RUN’23 – RunBG Trail Series,page,golyam-sechko-run23,no
https://trailseries.bg/golyam-sechko-run24-ranking/,Golyam Sechko Run’24 – Ranking – RunBG Trail Series,page,golyam-sechko-run24-ranking,no
https://trailseries.bg/golyam-sechko-run24/,Golyam Sechko Run’24 – RunBG Trail Series,page,golyam-sechko-run24,no
https://trailseries.bg/golyam-sechko-run25-ranking/,Golyam Sechko Run’25 – Ranking – RunBG Trail Series,page,golyam-sechko-run25-ranking,yes
https://trailseries.bg/golyam-sechko-run25/,Golyam Sechko Run’25 – RunBG Trail Series,page,golyam-sechko-run25,no
https://trailseries.bg/golyam-sechko-run26-results/,Golyam Sechko Run’26 – Results – RunBG Trail Series,page,golyam-sechko-run26-results,yes
https://trailseries.bg/golyam-sechko-run26/,Golyam Sechko Run’26 – RunBG Trail Series,page,golyam-sechko-run26,no
https://trailseries.bg/golyam-secko-run15-ranking/,Golyam Secko Run’15 Класиране – RunBG Trail Series,page,golyam-secko-run15-ranking,yes
https://trailseries.bg/golyamsechkorun-04-results/,GolyamSechkoRun – класиране – RunBG Trail Series,page,golyamsechkorun-04-results,yes
https://trailseries.bg/heat-stroke-run-14-07-2013/,Heat Stroke Run 14 юли – RunBG Trail Series,page,heat-stroke-run-14-07-2013,yes
https://trailseries.bg/heat-stroke-run-gallery/,Heat Stroke Run – RunBG Trail Series,page,heat-stroke-run-gallery,no
https://trailseries.bg/heat-stroke-run/,Heat Stroke Run – RunBG Trail Series,page,heat-stroke-run,no
https://trailseries.bg/ignitesofia/,ignitesofia – RunBG Trail Series,page,ignitesofia,no
https://trailseries.bg/iran-run-2015/,iRan Run 2015 – RunBG Trail Series,page,iran-run-2015,no
https://trailseries.bg/iran-run-2016/,Iran Run 2016 – RunBG Trail Series,page,iran-run-2016,no
https://trailseries.bg/iran-run-2017/,iRan Run 2017 – RunBG Trail Series,page,iran-run-2017,no
https://trailseries.bg/iran-run-2018/,iRan Run 2018 – RunBG Trail Series,page,iran-run-2018,no
https://trailseries.bg/iran-run-2019/,iRan Run 2019 – RunBG Trail Series,page,iran-run-2019,no
https://trailseries.bg/iran-run-results/,iRanRun-results – RunBG Trail Series,page,iran-run-results,yes
https://trailseries.bg/iran-run-results15/,iRan Run – резултати – RunBG Trail Series,page,iran-run-results15,yes
https://trailseries.bg/iran-run-results16/,iRan Run – results’16 – RunBG Trail Series,page,iran-run-results16,yes
https://trailseries.bg/iran-run/,iRan Run – RunBG Trail Series,page,iran-run,no
https://trailseries.bg/iran-run17-ranking/,iRan Run’17 Ranking – RunBG Trail Series,page,iran-run17-ranking,yes
https://trailseries.bg/iran-run18-results/,iRan Run’18 – Results – RunBG Trail Series,page,iran-run18-results,yes
https://trailseries.bg/iran-run19-results/,iRan Run’19 – results – RunBG Trail Series,page,iran-run19-results,yes
https://trailseries.bg/koledni-vaucheri/,Коледни ваучери RunningZone – RunBG Trail Series,page,koledni-vaucheri,no
https://trailseries.bg/koledno-byagane-2/,The Christmas Run – RunBG Trail Series,page,koledno-byagane-2,no
https://trailseries.bg/koy-oglavyava-top-10/,Кой оглавява топ 10? – RunBG Trail Series,post,koy-oglavyava-top-10,yes
https://trailseries.bg/livity/,Livity – RunBG Trail Series,page,livity,no
https://trailseries.bg/lokorsko/,Локорско – RunBG Trail Series,page,lokorsko,no
https://trailseries.bg/lyulin-trail-run-%d0%ba%d0%bb%d0%b0%d1%81%d0%b8%d1%80%d0%b0%d0%bd%d0%b5/,Lyulin Trail Run – класиране – RunBG Trail Series,page,lyulin-trail-run-класиране,yes
https://trailseries.bg/lyulin-trail-run-2017/,Lyulin Trail Run 2017 – RunBG Trail Series,page,lyulin-trail-run-2017,no
https://trailseries.bg/lyulin-trail-run-2025-%d1%81-%d0%bd%d0%be%d0%b2%d0%b0-%d0%b4%d0%b0%d1%82%d0%b0/,Lyulin Trail Run 2025 с нова дата – RunBG Trail Series,post,lyulin-trail-run-2025-с-нова-дата,no
https://trailseries.bg/lyulin-trail-run/,Lyulin Trail Run – RunBG Trail Series,page,lyulin-trail-run,no
https://trailseries.bg/lyulin-trail-run17-results/,Lyulin Trail Run’17 – Results – RunBG Trail Series,page,lyulin-trail-run17-results,yes
https://trailseries.bg/lyulin-trail-run18-ranking/,Lyulin Trail Run’18 – Ranking – RunBG Trail Series,page,lyulin-trail-run18-ranking,yes
https://trailseries.bg/lyulin-trail-run18/,Lyulin Trail Run’18 – RunBG Trail Series,page,lyulin-trail-run18,no
https://trailseries.bg/lyulin-trail-run19-ranking/,Lyulin Trail Run’19 – Ranking – RunBG Trail Series,page,lyulin-trail-run19-ranking,yes
https://trailseries.bg/lyulin-trail-run19/,Lyulin Trail Run’19 – RunBG Trail Series,page,lyulin-trail-run19,no
https://trailseries.bg/lyulin-trail-run20-ranking/,Lyulin Trail Run’20 – ranking – RunBG Trail Series,page,lyulin-trail-run20-ranking,yes
https://trailseries.bg/lyulin-trail-run20/,Lyulin Trail Run’20 – RunBG Trail Series,page,lyulin-trail-run20,no
https://trailseries.bg/lyulin-trail-run21-results/,Lyulin Trail Run’21 – Results – RunBG Trail Series,page,lyulin-trail-run21-results,yes
https://trailseries.bg/lyulin-trail-run21/,LYULIN TRAIL RUN’21 – RunBG Trail Series,page,lyulin-trail-run21,no
https://trailseries.bg/lyulin-trail-run22-results/,Lyulin Trail Run’22 – Results – RunBG Trail Series,page,lyulin-trail-run22-results,yes
https://trailseries.bg/lyulin-trail-run22/,Lyulin Trail Run’22 – RunBG Trail Series,page,lyulin-trail-run22,no
https://trailseries.bg/lyulin-trail-run23-results/,Lyulin Trail Run’23 – Results – RunBG Trail Series,page,lyulin-trail-run23-results,yes
https://trailseries.bg/lyulin-trail-run23/,Lyulin Trail Run’23 – RunBG Trail Series,page,lyulin-trail-run23,no
https://trailseries.bg/lyulin-trail-run24-ranking/,Lyulin Trail Run’24 – Ranking – RunBG Trail Series,page,lyulin-trail-run24-ranking,yes
https://trailseries.bg/lyulin-trail-run24/,LYULIN TRAIL RUN’24 – RunBG Trail Series,page,lyulin-trail-run24,no
https://trailseries.bg/lyulin-trail-run25-results/,Lyulin Trail Run’25 – Results – RunBG Trail Series,page,lyulin-trail-run25-results,yes
https://trailseries.bg/lyulin-trail-run25/,Lyulin Trail Run’25 – RunBG Trail Series,page,lyulin-trail-run25,no
https://trailseries.bg/lyulin-trail-run26-ranking/,Lyulin Trail Run’26 – Ranking – RunBG Trail Series,page,lyulin-trail-run26-ranking,yes
https://trailseries.bg/lyulin-trail-run26/,Lyulin Trail Run’26 – RunBG Trail Series,page,lyulin-trail-run26,no
https://trailseries.bg/malak-sechko-run-2015/,Malak Sechko Run’15 – RunBG Trail Series,page,malak-sechko-run-2015,no
https://trailseries.bg/malak-sechko-run-ranking/,MalakSechkoRun класиране – RunBG Trail Series,page,malak-sechko-run-ranking,yes
https://trailseries.bg/malak-sechko-run-ranking16/,Malak Sechko Run – ranking’16 – RunBG Trail Series,page,malak-sechko-run-ranking16,yes
https://trailseries.bg/malak-sechko-run/,Malak Sechko Run – RunBG Trail Series,page,malak-sechko-run,no
https://trailseries.bg/malak-sechko-run16/,Malak Sechko Run’16 – RunBG Trail Series,page,malak-sechko-run16,no
https://trailseries.bg/malak-sechko-run17-results/,Malak Sechko Run’17 – results – RunBG Trail Series,page,malak-sechko-run17-results,yes
https://trailseries.bg/malak-sechko-run17/,Malak Sechko Run’17 – RunBG Trail Series,page,malak-sechko-run17,no
https://trailseries.bg/malak-sechko-run18-ranking/,Malak Sechko Run’18 Ranking – RunBG Trail Series,page,malak-sechko-run18-ranking,yes
https://trailseries.bg/malak-sechko-run18/,Malak Sechko Run’18 – RunBG Trail Series,page,malak-sechko-run18,no
https://trailseries.bg/malak-sechko-run19-ranking/,Malak Sechko Run’19 – ranking – RunBG Trail Series,page,malak-sechko-run19-ranking,yes
https://trailseries.bg/malak-sechko-run19/,Malak Sechko Run’19 – RunBG Trail Series,page,malak-sechko-run19,no
https://trailseries.bg/malak-sechko-run20-results/,Malak Sechko Run’20 – Results – RunBG Trail Series,page,malak-sechko-run20-results,yes
https://trailseries.bg/malak-sechko-run20/,Malak Sechko Run’20 – RunBG Trail Series,page,malak-sechko-run20,no
https://trailseries.bg/malak-sechko-run21-results/,Malak Sechko Run’21 – Results – RunBG Trail Series,page,malak-sechko-run21-results,yes
https://trailseries.bg/malak-sechko-run21/,Malak Sechko Run’21 – RunBG Trail Series,page,malak-sechko-run21,no
https://trailseries.bg/malak-sechko-run22-results/,Malak Sechko Run’22 Results – RunBG Trail Series,page,malak-sechko-run22-results,yes
https://trailseries.bg/malak-sechko-run22/,Malak Sechko Run’22 – RunBG Trail Series,page,malak-sechko-run22,no
https://trailseries.bg/malak-sechko-run23-ranking/,Malak Sechko Run’23 – Ranking – RunBG Trail Series,page,malak-sechko-run23-ranking,yes
https://trailseries.bg/malak-sechko-run23/,Malak Sechko Run’23 – RunBG Trail Series,page,malak-sechko-run23,no
https://trailseries.bg/malak-sechko-run24-results/,Malak Sechko Run’24 – Results – RunBG Trail Series,page,malak-sechko-run24-results,yes
https://trailseries.bg/malak-sechko-run24/,MALAK SECHKO RUN’24 – RunBG Trail Series,page,malak-sechko-run24,no
https://trailseries.bg/malak-sechko-run25-results/,Malak Sechko Run’25 – Results – RunBG Trail Series,page,malak-sechko-run25-results,yes
https://trailseries.bg/malak-sechko-run25/,Malak Sechko Run’25 – RunBG Trail Series,page,malak-sechko-run25,no
https://trailseries.bg/malak-sechko-run26-results/,Malak Sechko Run’26 – Results – RunBG Trail Series,page,malak-sechko-run26-results,yes
https://trailseries.bg/malak-sechko-run26/,Malak Sechko Run’26 – RunBG Trail Series,page,malak-sechko-run26,no
https://trailseries.bg/maliovitsa-skyrun-2/,Maliovitsa skyrun – RunBG Trail Series,page,maliovitsa-skyrun-2,no
https://trailseries.bg/maliovitsa-skyrun-4-%d0%b0%d0%b2%d0%b3%d1%83%d1%81%d1%82/,Maliovitsa skyrun 4 август – RunBG Trail Series,page,maliovitsa-skyrun-4-август,yes
https://trailseries.bg/maliovitsa-skyrun-photos/,Maliovitsa skyrun photos – RunBG Trail Series,page,maliovitsa-skyrun-photos,no
https://trailseries.bg/maliovitsa-skyrun/,Maliovitsa skyrun – RunBG Trail Series,page,maliovitsa-skyrun,no
https://trailseries.bg/news/,Новини – RunBG Trail Series,page,news,no
https://trailseries.bg/obbverticalrun/,OBB Vertical Run – RunBG Trail Series,page,obbverticalrun,no
https://trailseries.bg/overal-ranking/,Класиране – RunBG Trail Series,page,overal-ranking,yes
https://trailseries.bg/overal-ranking/%d0%b3%d0%b5%d0%bd%d0%b5%d1%80%d0%b0%d0%bb%d0%bd%d0%be-%d0%ba%d0%bb%d0%b0%d1%81%d0%b8%d1%80%d0%b0%d0%bd%d0%b5/,Генерално класиране – RunBG Trail Series,page,генерално-класиране,yes
https://trailseries.bg/overal-ranking/%d0%bf%d0%b0%d0%bd%d1%87%d0%b0%d1%80%d0%b5%d0%b2%d0%be-10-%d0%bd%d0%be%d0%b5%d0%bc%d0%b2%d1%80%d0%b8/,Панчарево 10 ноември – RunBG Trail Series,page,панчарево-10-ноември,yes
https://trailseries.bg/overal-ranking/bankia-24mart/,Банкя 24 март – RunBG Trail Series,page,bankia-24mart,yes
https://trailseries.bg/overal-ranking/iran-run18-results/,iRan Run’18 – Results – RunBG Trail Series,page,iran-run18-results,yes
https://trailseries.bg/overal-ranking/lokorsko-23-fevruari/,Локорско 23 февруари – RunBG Trail Series,page,lokorsko-23-fevruari,yes
https://trailseries.bg/overal-ranking/runbg-trail-series-%d0%b6%d0%b5%d0%bb%d0%b5%d0%b7%d0%bd%d0%b8%d1%86%d0%b0-13-%d0%be%d0%ba%d1%82%d0%be%d0%bc%d0%b2%d1%80%d0%b8-%d0%ba%d0%bb%d0%b0%d1%81%d0%b8%d1%80%d0%b0%d0%bd%d0%b5/,Железница 13 октомври – RunBG Trail Series,page,runbg-trail-series-железница-13-октомври-класиране,yes
https://trailseries.bg/overal-ranking/vladaya-21-april/,Владая 21 април – RunBG Trail Series,page,vladaya-21-april,yes
https://trailseries.bg/page/1/,RunBG Trail Series – Trail Series website,front-page,1,no
https://trailseries.bg/page/2/,RunBG Trail Series – Page 2 – Trail Series website,front-page,2,no
https://trailseries.bg/page/3/,RunBG Trail Series – Page 3 – Trail Series website,front-page,3,no
https://trailseries.bg/palakaria-2016/,Palakaria 2016 – RunBG Trail Series,page,palakaria-2016,no
https://trailseries.bg/palakaria-2017-ranking/,Palakaria 2017 – Ranking – RunBG Trail Series,page,palakaria-2017-ranking,yes
https://trailseries.bg/palakaria-2017/,Palakaria 2017 – RunBG Trail Series,page,palakaria-2017,no
https://trailseries.bg/palakaria-2018-ranking/,Palakaria’18 – Ranking – RunBG Trail Series,page,palakaria-2018-ranking,yes
https://trailseries.bg/palakaria-2018/,Palakaria 2018 – RunBG Trail Series,page,palakaria-2018,no
https://trailseries.bg/palakaria-2019/,Palakaria 2019 – RunBG Trail Series,page,palakaria-2019,no
https://trailseries.bg/palakaria-2022/,Полумаратон Palakaria-2022 – RunBG Trail Series,page,palakaria-2022,no
https://trailseries.bg/palakaria-2024/,Полумаратон Палакария’24 – RunBG Trail Series,page,palakaria-2024,no
https://trailseries.bg/palakaria-ranking/,Palakaria – класиране – RunBG Trail Series,page,palakaria-ranking,yes
https://trailseries.bg/palakaria/,Палакария – RunBG Trail Series,page,palakaria,no
https://trailseries.bg/palakaria16-results/,Palakaria 2016 – класиране – RunBG Trail Series,page,palakaria16-results,yes
https://trailseries.bg/palakaria19-ranking/,Palakaria’19 – Ranking – RunBG Trail Series,page,palakaria19-ranking,yes
https://trailseries.bg/palakaria22-results/,Palakaria’22-Results – RunBG Trail Series,page,palakaria22-results,yes
https://trailseries.bg/palakaria23/,ПОЛУМАРАТОН PALAKARIA-2023 – RunBG Trail Series,page,palakaria23,no
https://trailseries.bg/pancharevo-night-run-%d0%ba%d0%bb%d0%b0%d1%81%d0%b8%d1%80%d0%b0%d0%bd%d0%b5/,Pancharevo Night Run – класиране – RunBG Trail Series,page,pancharevo-night-run-класиране,yes
https://trailseries.bg/pancharevo-night-run-%d0%ba%d0%bb%d0%b0%d1%81%d0%b8%d1%80%d0%b0%d0%bd%d0%b516/,Pancharevo Night Run – класиране – RunBG Trail Series,page,pancharevo-night-run-класиране16,yes
https://trailseries.bg/pancharevo-night-run-%d1%89%d0%b0%d1%84%d0%b5%d1%82%d0%b021/,Pancharevo Night Run – ЩАФЕТА’21 – RunBG Trail Series,page,pancharevo-night-run-щафета21,no
https://trailseries.bg/pancharevo-night-run-2016/,Pancharevo Night Run 2016 – RunBG Trail Series,page,pancharevo-night-run-2016,no
https://trailseries.bg/pancharevo-night-run-2017/,Pancharevo Night Run 2017 – RunBG Trail Series,page,pancharevo-night-run-2017,no
https://trailseries.bg/pancharevo-night-run-2018-%d1%89%d0%b0%d1%84%d0%b5%d1%82%d0%b0/,Pancharevo Night Run 2018 ЩАФЕТА – RunBG Trail Series,page,pancharevo-night-run-2018-щафета,no
https://trailseries.bg/pancharevo-night-run-2019-relay/,Pancharevo Night Run – Щафета – RunBG Trail Series,page,pancharevo-night-run-2019-relay,no
https://trailseries.bg/pancharevo-night-run/,Pancharevo Night Run – RunBG Trail Series,page,pancharevo-night-run,no
https://trailseries.bg/pancharevo-night-run17-ranking/,Pancharevo Night Run’17 – Ranking – RunBG Trail Series,page,pancharevo-night-run17-ranking,yes
https://trailseries.bg/pancharevo-night-run18-ranking/,Pancharevo Night Run’18-ranking – RunBG Trail Series,page,pancharevo-night-run18-ranking,yes
https://trailseries.bg/pancharevo-night-run19-ranking/,Pancharevo Night Run’19 – Ranking – RunBG Trail Series,page,pancharevo-night-run19-ranking,yes
https://trailseries.bg/pancharevo-night-run21-%d1%80%d0%b5%d0%b7%d1%83%d0%bb%d1%82%d0%b0%d1%82%d0%b8/,Pancharevo Night Run’21 – Резултати – RunBG Trail Series,page,pancharevo-night-run21-резултати,yes
https://trailseries.bg/pasare-results/,Пасарел 16 декември – RunBG Trail Series,page,pasare-results,yes
https://trailseries.bg/pasarel-run-16-06/,Pasarel Run 16.06 – RunBG Trail Series,page,pasarel-run-16-06,yes
https://trailseries.bg/pasarel-run-2/,Pasarel Run – RunBG Trail Series,page,pasarel-run-2,no
https://trailseries.bg/pasarel-run/,Pasarel Run – RunBG Trail Series,page,pasarel-run,no
https://trailseries.bg/plovdiv-hills/,Plovdiv Hills – RunBG Trail Series,page,plovdiv-hills,no
https://trailseries.bg/race-photos/,Race photos – RunBG Trail Series,page,race-photos,no
https://trailseries.bg/ranking-7-hills-run/,Класиране – 7 Hills Run – RunBG Trail Series,page,ranking-7-hills-run,yes
https://trailseries.bg/registration/,Регистрация – RunBG Trail Series,page,registration,no
https://trailseries.bg/registration/notsuccessful/,Регистрация – неуспешна – RunBG Trail Series,page,notsuccessful,no
https://trailseries.bg/registration/successful/,Регистрация – успешна – RunBG Trail Series,page,successful,no
https://trailseries.bg/results-iran-run15/,iRan Run – резултати – RunBG Trail Series,post,results-iran-run15,yes
https://trailseries.bg/rossignol-navliza-v-planinskoto-byagane/,Rossignol навлиза в планинското бягане — и го прави с характер – RunBG Trail Series,post,rossignol-navliza-v-planinskoto-byagane,no
https://trailseries.bg/runbg-trail-series-%d0%bf%d0%b0%d0%bd%d1%87%d0%b0%d1%80%d0%b5%d0%b2%d0%be/,RunBG Trail Series: Панчарево – RunBG Trail Series,page,runbg-trail-series-панчарево,no
https://trailseries.bg/running-zone-challenge/,Running Zone Challenge – RunBG Trail Series,page,running-zone-challenge,no
https://trailseries.bg/running-zone-challenge16/,Running Zone Challenge’16 – RunBG Trail Series,page,running-zone-challenge16,no
https://trailseries.bg/sabitia/,Събития – RunBG Trail Series,page,sabitia,no
https://trailseries.bg/sabitia/%d0%b6%d0%b5%d0%bb%d0%b5%d0%b7%d0%bd%d0%b8%d1%86%d0%b0/,Железница – RunBG Trail Series,page,железница,no
https://trailseries.bg/sabitia/%d0%bf%d0%b0%d0%bd%d1%87%d0%b0%d1%80%d0%b5%d0%b2%d0%be/,Панчарево – RunBG Trail Series,page,панчарево,no
https://trailseries.bg/sabitia/bankia/,Банкя – RunBG Trail Series,page,bankia,no
https://trailseries.bg/sabitia/pasarel/,Пасарел – RunBG Trail Series,page,pasarel,no
https://trailseries.bg/sabitia/the-christmas-run-2016/,The Christmas Run 2016 – RunBG Trail Series,page,the-christmas-run-2016,no
https://trailseries.bg/sabitia/vladaya/,Владая – RunBG Trail Series,page,vladaya,no
https://trailseries.bg/sabitia/zheleznitsa-2-0/,Железница 2.0 – RunBG Trail Series,page,zheleznitsa-2-0,no
https://trailseries.bg/sabitia/zheleznitsa-2-0/jordan-petrov/,jordan petrov – RunBG Trail Series,attachment,jordan-petrov,no
https://trailseries.bg/september-run-2/,September Run – RunBG Trail Series,page,september-run-2,yes
https://trailseries.bg/september-run/,September run – RunBG Trail Series,page,september-run,no
https://trailseries.bg/simeonovo-run-2016/,Simeonovo Run 2016 – RunBG Trail Series,page,simeonovo-run-2016,no
https://trailseries.bg/simeonovo-run-2017/,Simeonovo Run 2017 – RunBG Trail Series,page,simeonovo-run-2017,no
https://trailseries.bg/simeonovo-run-2018/,Simeonovo Run 2018 – RunBG Trail Series,page,simeonovo-run-2018,no
https://trailseries.bg/simeonovo-run-ranking/,Simeonovo Run’15 класиране – RunBG Trail Series,page,simeonovo-run-ranking,yes
https://trailseries.bg/simeonovo-run-ranking14/,Simeonovo Run – класиране – RunBG Trail Series,page,simeonovo-run-ranking14,yes
https://trailseries.bg/simeonovo-run/,Simeonovo Run – RunBG Trail Series,page,simeonovo-run,no
https://trailseries.bg/simeonovo-run15/,Simeonovo Run – RunBG Trail Series,page,simeonovo-run15,no
https://trailseries.bg/simeonovo-run16-ranking/,Simeonovo Run’16 Ranking – RunBG Trail Series,page,simeonovo-run16-ranking,yes
https://trailseries.bg/simeonovo-run17-results/,Simeonovo Run’17 – results – RunBG Trail Series,page,simeonovo-run17-results,yes
https://trailseries.bg/simeonovo-run18-results/,Simeonovo Run’18 – Results – RunBG Trail Series,page,simeonovo-run18-results,yes
https://trailseries.bg/simeonovo-run19-ranking/,Simeonovo Run’19-Ranking – RunBG Trail Series,page,simeonovo-run19-ranking,yes
https://trailseries.bg/simeonovo-run19/,Simeonovo Run’19 – RunBG Trail Series,page,simeonovo-run19,no
https://trailseries.bg/simeonovo-run20-results/,Simeonovo Run’20 – Results – RunBG Trail Series,page,simeonovo-run20-results,yes
https://trailseries.bg/simeonovo-run20/,Simeonovo Run’20 – RunBG Trail Series,page,simeonovo-run20,no
https://trailseries.bg/simeonovo-run21-results/,Simeonovo Run’21 – Results – RunBG Trail Series,page,simeonovo-run21-results,yes
https://trailseries.bg/simeonovo-run21/,Simeonovo Run’21 – RunBG Trail Series,page,simeonovo-run21,no
https://trailseries.bg/simeonovo-run23-results/,Simeonovo Run’23 – Results – RunBG Trail Series,page,simeonovo-run23-results,yes
https://trailseries.bg/simeonovo-run23/,Simeonovo Run’23 – RunBG Trail Series,page,simeonovo-run23,no
https://trailseries.bg/snimki/,Снимки – RunBG Trail Series,page,snimki,no
https://trailseries.bg/snimki/baba-marta-run/,Baba Marta Run – RunBG Trail Series,page,baba-marta-run,no
https://trailseries.bg/snimki/malak-sechko-run/,Malak Sechko Run – RunBG Trail Series,page,malak-sechko-run,no
https://trailseries.bg/snimki/runbg-trail-series-%D0%BF%D0%B0%D0%BD%D1%87%D0%B0%D1%80%D0%B5%D0%B2%D0%BE/,RunBG Trail Series: Панчарево – RunBG Trail Series,page,runbg-trail-series-панчарево,no
https://trailseries.bg/snimki/runbg-trail-series-%d0%bf%d0%b0%d0%bd%d1%87%d0%b0%d1%80%d0%b5%d0%b2%d0%be/,RunBG Trail Series: Панчарево – RunBG Trail Series,page,runbg-trail-series-панчарево,no
https://trailseries.bg/snimki/runbg-trail-series-vladaya/,RunBG Trail Series: Владая – RunBG Trail Series,page,runbg-trail-series-vladaya,no
https://trailseries.bg/snimki/runbg-trail-series-zheleznits%D0%B0/,RunBG Trail Series: Железница – RunBG Trail Series,page,runbg-trail-series-zheleznitsа,no
https://trailseries.bg/snimki/runbg-trail-series-zheleznits%d0%b0/,RunBG Trail Series: Железница – RunBG Trail Series,page,runbg-trail-series-zheleznitsа,no
https://trailseries.bg/snimki/the-chrismas-run/,The Chrismas Run – RunBG Trail Series,page,the-chrismas-run,no
https://trailseries.bg/spodeleno-patuvane/,Споделено пътуване с comborides.com – RunBG Trail Series,post,spodeleno-patuvane,no
https://trailseries.bg/tag/%d0%b3%d0%b5%d0%bd%d0%b5%d1%80%d0%b0%d0%bb%d0%bd%d0%be-%d0%ba%d0%bb%d0%b0%d1%81%d0%b8%d1%80%d0%b0%d0%bd%d0%b5/,генерално класиране – RunBG Trail Series,tag-archive,генерално-класиране,no
https://trailseries.bg/tag/%d0%b8%d0%b7%d0%b1%d1%80%d0%b0%d0%bd%d0%be/,избрано – RunBG Trail Series,tag-archive,избрано,no
https://trailseries.bg/tag/%d0%ba%d0%be%d0%bb%d0%b5%d0%b4%d0%bd%d0%be-%d0%b1%d1%8f%d0%b3%d0%b0%d0%bd%d0%b5-%d1%80%d0%b5%d0%b3%d0%b8%d1%81%d1%82%d1%80%d0%b8%d1%80%d0%b0%d0%bd%d0%b8/,Коледно бягане регистрирани – RunBG Trail Series,tag-archive,коледно-бягане-регистрирани,no
https://trailseries.bg/tag/%d0%bd%d0%b0%d0%bc%d0%b0%d0%bb%d0%b5%d0%bd%d0%b8%d1%8f/,намаления – RunBG Trail Series,tag-archive,намаления,no
https://trailseries.bg/tag/%d0%bd%d0%be%d0%b2%d0%b8%d0%bd%d0%b8/,новини – RunBG Trail Series,tag-archive,новини,no
https://trailseries.bg/tag/%d1%80%d0%b5%d0%b3%d0%b8%d1%81%d1%82%d1%80%d0%b8%d1%80%d0%b0%d0%bd%d0%b8-%d0%b7%d0%b0-%d1%83%d1%87%d0%b0%d1%81%d1%82%d0%b8%d0%b5/,регистрирани за участие – RunBG Trail Series,tag-archive,регистрирани-за-участие,no
https://trailseries.bg/tag/%d1%81%d0%b5%d0%b7%d0%be%d0%bd-8/,сезон 8 – RunBG Trail Series,tag-archive,сезон-8,no
https://trailseries.bg/tag/%d1%81%d0%bb%d1%81/,слс – RunBG Trail Series,tag-archive,слс,no
https://trailseries.bg/tag/sls/,SLS – RunBG Trail Series,tag-archive,sls,no
https://trailseries.bg/tag/trail-series/,Trail Series – RunBG Trail Series,tag-archive,trail-series,no
https://trailseries.bg/tag/trail/,Trail – RunBG Trail Series,tag-archive,trail,no
https://trailseries.bg/tag/zero-to-hero/,ZERO TO HERO – RunBG Trail Series,tag-archive,zero-to-hero,no
https://trailseries.bg/the-cactus-run-2014/,The Cactus Run 2014 – RunBG Trail Series,page,the-cactus-run-2014,no
https://trailseries.bg/the-cactus-run-2015/,The Cactus Run – RunBG Trail Series,page,the-cactus-run-2015,no
https://trailseries.bg/the-cactus-run-2016/,The Cactus Run 2016 – RunBG Trail Series,page,the-cactus-run-2016,no
https://trailseries.bg/the-cactus-run-2017/,The Cactus Run’17 – RunBG Trail Series,page,the-cactus-run-2017,no
https://trailseries.bg/the-cactus-run-results14/,The Cactus Run – Results’14 – RunBG Trail Series,page,the-cactus-run-results14,yes
https://trailseries.bg/the-cactus-run/,The Cactus Run – 10.11.2013 – RunBG Trail Series,page,the-cactus-run,no
https://trailseries.bg/the-cactus-run15-results/,The Cactus Run’15 – results – RunBG Trail Series,page,the-cactus-run15-results,yes
https://trailseries.bg/the-cactus-run17-ranking/,The Cactus Run’17 – Класиране – RunBG Trail Series,page,the-cactus-run17-ranking,yes
https://trailseries.bg/the-cactus-run18/,The Cactus Run’18 – RunBG Trail Series,page,the-cactus-run18,no
https://trailseries.bg/the-cactus-run19-results/,The Cactus Run’19 – Results – RunBG Trail Series,page,the-cactus-run19-results,yes
https://trailseries.bg/the-cactus-run19/,The Cactus Run’19 – RunBG Trail Series,page,the-cactus-run19,no
https://trailseries.bg/the-cactus-run20-ranking/,The Cactus Run’20 – Ranking – RunBG Trail Series,page,the-cactus-run20-ranking,yes
https://trailseries.bg/the-cactus-run20/,The Cactus Run’20 – RunBG Trail Series,page,the-cactus-run20,no
https://trailseries.bg/the-cactus-run2025/,The Cactus Run’2025 – RunBG Trail Series,page,the-cactus-run2025,no
https://trailseries.bg/the-cactus-run21-results/,The Cactus Run’21 – Results – RunBG Trail Series,page,the-cactus-run21-results,yes
https://trailseries.bg/the-cactus-run21/,The Cactus Run’21 – RunBG Trail Series,page,the-cactus-run21,no
https://trailseries.bg/the-cactus-run22-ranking/,The Cactus Run’22 – Ranking – RunBG Trail Series,page,the-cactus-run22-ranking,yes
https://trailseries.bg/the-cactus-run22/,The Cactus Run’22 – RunBG Trail Series,page,the-cactus-run22,no
https://trailseries.bg/the-cactus-run23-results/,The Cactus Run’23 – Results – RunBG Trail Series,page,the-cactus-run23-results,yes
https://trailseries.bg/the-cactus-run23/,The Cactus Run’23 – RunBG Trail Series,page,the-cactus-run23,no
https://trailseries.bg/the-cactus-run24-results/,The Cactus Run’24 – Results – RunBG Trail Series,page,the-cactus-run24-results,yes
https://trailseries.bg/the-cactus-run24/,The Cactus Run’24 – RunBG Trail Series,page,the-cactus-run24,no
https://trailseries.bg/the-cactus-run25-results/,The Cactus Run’25 – Results – RunBG Trail Series,page,the-cactus-run25-results,yes
https://trailseries.bg/the-chrismas-run19-ranking/,The Chrismas Run’19 – Ranking – RunBG Trail Series,page,the-chrismas-run19-ranking,yes
https://trailseries.bg/the-christmas-run-2014/,The Christmas Run’14 – RunBG Trail Series,page,the-christmas-run-2014,no
https://trailseries.bg/the-christmas-run-2015/,The Christmas Run – RunBG Trail Series,page,the-christmas-run-2015,no
https://trailseries.bg/the-christmas-run-2017-klasirane/,The Christmas Run’17 – класиране – RunBG Trail Series,page,the-christmas-run-2017-klasirane,yes
https://trailseries.bg/the-christmas-run-2017/,The Christmas Run 2017 – RunBG Trail Series,page,the-christmas-run-2017,no
https://trailseries.bg/the-christmas-run-2025/,The Christmas Run’25 – RunBG Trail Series,page,the-christmas-run-2025,no
https://trailseries.bg/the-christmas-run-ranking14/,The Christmas Run – класиране 2014 – RunBG Trail Series,page,the-christmas-run-ranking14,yes
https://trailseries.bg/the-christmas-run-ranking23/,The Christmas Run – Ranking’23 – RunBG Trail Series,page,the-christmas-run-ranking23,yes
https://trailseries.bg/the-christmas-run18-ranking/,The Christmas Run’18 – Класиране – RunBG Trail Series,page,the-christmas-run18-ranking,yes
https://trailseries.bg/the-christmas-run19/,The Christmas Run’19 – RunBG Trail Series,page,the-christmas-run19,no
https://trailseries.bg/the-christmas-run20-results/,The Christmas Run’20 – Results – RunBG Trail Series,page,the-christmas-run20-results,yes
https://trailseries.bg/the-christmas-run20/,The Christmas Run’20 – RunBG Trail Series,page,the-christmas-run20,no
https://trailseries.bg/the-christmas-run21-results/,The Christmas Run’21 – Results – RunBG Trail Series,page,the-christmas-run21-results,yes
https://trailseries.bg/the-christmas-run21/,The Christmas Run’21 – RunBG Trail Series,page,the-christmas-run21,no
https://trailseries.bg/the-christmas-run22-results/,The Christmas Run’22 – Results – RunBG Trail Series,page,the-christmas-run22-results,yes
https://trailseries.bg/the-christmas-run22/,THE CHRISTMAS RUN’22 – RunBG Trail Series,page,the-christmas-run22,no
https://trailseries.bg/the-christmas-run23/,THE CHRISTMAS RUN’23 – RunBG Trail Series,page,the-christmas-run23,no
https://trailseries.bg/the-christmas-run24-results/,The Christmas Run’24 – Results – RunBG Trail Series,page,the-christmas-run24-results,yes
https://trailseries.bg/the-christmas-run24/,THE CHRISTMAS RUN’24 – RunBG Trail Series,page,the-christmas-run24,no
https://trailseries.bg/the-christmas-run25-results/,The Christmas Run’25 – Results – RunBG Trail Series,page,the-christmas-run25-results,yes
https://trailseries.bg/thechristmasrun-%d1%81%d1%82%d0%b0%d1%80%d1%82%d0%be%d0%b2-%d1%81%d0%bf%d0%b8%d1%81%d1%8a%d0%ba/,TheChristmasRun стартов списък – RunBG Trail Series,post,thechristmasrun-стартов-списък,yes
https://trailseries.bg/thechristmasrun/,TheChristmasRun – RunBG Trail Series,page,thechristmasrun,yes
https://trailseries.bg/trail-series-edna-ot-8-partnership-2026/,Trail Series и фондация „Една от 8“ с партньорство през 2026 г. в подкрепа на превенцията на рака на гърдата – RunBG Trail Series,post,trail-series-edna-ot-8-partnership-2026,no
https://trailseries.bg/vladaya-eco-run-ranking-2014/,Vladaya EcoRun – класиране – RunBG Trail Series,page,vladaya-eco-run-ranking-2014,yes
https://trailseries.bg/vladaya-eco-run/,Vladaya Eco Run – RunBG Trail Series,page,vladaya-eco-run,no
https://trailseries.bg/xmas-run-15-results/,RunBG Trail Series,page,xmas-run-15-results,yes
https://trailseries.bg/xmas-run16-results/,The Christmas Run – results – RunBG Trail Series,page,xmas-run16-results,yes
https://trailseries.bg/xmas-run18/,The Christmas Run’18 – RunBG Trail Series,page,xmas-run18,no
https://trailseries.bg/zero-to-hero-%d1%81-%d0%b1%d0%b5%d0%bd%d0%b4%d0%b6%d0%b0%d0%bc%d0%b8%d0%bd-%d0%ba%d0%b5%d0%b9%d0%bd/,Zero to Hero с Бенджамин Кейн – RunBG Trail Series,post,zero-to-hero-с-бенджамин-кейн,no
https://trailseries.bg/zero-to-hero-%d1%81-%d1%85%d1%80%d0%b8%d1%81%d1%82%d0%be-%d1%86%d0%b2%d0%b5%d1%82%d0%ba%d0%be%d0%b2/,ZERO TO HERO С Христо Цветков – RunBG Trail Series,post,zero-to-hero-с-христо-цветков,no
https://trailseries.bg/zero-to-hero-%d1%81-%d1%86%d0%b2%d0%b5%d1%82%d0%b5%d0%bb%d0%b8%d0%bd%d0%b0-%d1%82%d1%80%d0%b8%d1%87%d0%ba%d0%be%d0%b2%d0%b0-xmas-edition/,Zero to Hero с Цветелина Тричкова *Xmas edition* – RunBG Trail Series,post,zero-to-hero-с-цветелина-тричкова-xmas-edition,no
https://trailseries.bg/zero-to-hero-s-ivaylo-hadjiev/,Zero to Hero с Ивайло Хаджиев – RunBG Trail Series,post,zero-to-hero-s-ivaylo-hadjiev,no
https://trailseries.bg/zero-to-hero-s-konstantin-ivanov/,Zero to Hero с Константин Иванов – RunBG Trail Series,post,zero-to-hero-s-konstantin-ivanov,no
https://trailseries.bg/zero-to-hero-with-benjamin-kane/,Zero to Hero with Benjamin Kane – RunBG Trail Series,post,zero-to-hero-with-benjamin-kane,no
https://trailseries.bg/zheleznitsa-2-0-20-jan/,Железница 2.0 – 20 януари – RunBG Trail Series,page,zheleznitsa-2-0-20-jan,yes
https://trailseries.bg/zheleznitsa-2-0-20-jan/olympus-digital-camera/,OLYMPUS DIGITAL CAMERA – RunBG Trail Series,attachment,olympus-digital-camera,no
